epoch,steps,cosine_pearson,cosine_spearman,euclidean_pearson,euclidean_spearman,manhattan_pearson,manhattan_spearman,dot_pearson,dot_spearman
0,9,0.6831737355516134,0.6789003190501638,0.5887132237347721,0.5892101005703569,0.5901485615716966,0.590524882616492,0.4301261454558159,0.4617420624253674
